distinguished	all	score	auc_pr	auc_roc
569	3277	0.27009021210149425	0.6988318963998107	0.7409417352835703
