name	tn	fp	fn	tp	acc	fpr	tpr	auc_roc	auc_pr	errors
eval_results/eval_data/dbaasp/activity/moi/strain/staphylococcusaureusatcc25923_	29	318	20	705	0.6847014925373134	0.9164265129682997	0.9724137931034482	0.6541727119149359	0.7699803677300467	0
eval_results/eval_data/dbaasp/activity/	120	548	114	3163	0.832192648922687	0.8203592814371258	0.965212084223375	0.726359913678898	0.9098051610185757	0
eval_results/eval_data/dbaasp/activity/moi/species/escherichiacoli_	120	679	72	2246	0.7590632017965993	0.8498122653316645	0.9689387402933564	0.6730295958818238	0.8273911583803	0
eval_results/eval_data/dbaasp/activity/moi/strain/escherichiacoliatcc25922_	43	346	38	1314	0.7794371051120046	0.8894601542416453	0.9718934911242604	0.7166865046166015	0.8773322181962566	0
eval_results/eval_data/dbaasp/activity/moi/species/staphylococcusaureus_	108	823	50	1697	0.6740104555638536	0.8839957035445757	0.9713795077275329	0.6649647054917529	0.7576102708706688	0
